howto,How to
o365apis-getstarted,Introduction
o365entdevs,Office 365 for Enterprise Developers
msgraphsite,Microsoft Graph
authenticating-apps,Authenticating apps
accessing-data,Accessing and syncing data
integrating-file-types,Integrating non-Microsoft file types
making-apps-findable,Making your app easy to use and find
app-office-ui,Give your app an Office UI
uploadapps,Upload Office 365 web apps to the Office Store
app-ui,Office UI Toolkit for web apps
submitapps2,Submit Office 365 web apps to the Seller Dashboard
o365apis-reference,Office 365 API reference
office-graph-api-tasks,Office graph
onenote,OneNote
onenote-develop,Develop with the OneNote API
office-365-unified-api,Office 365 Unified API